<?xml version="1.0" encoding="utf-8" standalone="yes"?>
<rss version="2.0" xmlns:atom="http://www.w3.org/2005/Atom">
  <channel>
    <title>Meet the Team on Green Power Project</title>
    <link>http://localhost:1313/team/</link>
    <description>Recent content in Meet the Team on Green Power Project</description>
    <generator>Hugo -- gohugo.io</generator>
    <language>en-us</language><atom:link href="http://localhost:1313/team/index.xml" rel="self" type="application/rss+xml" />
    <item>
      <title>Save Contact</title>
      <link>http://localhost:1313/team/savecontact/</link>
      <pubDate>Mon, 01 Jan 0001 00:00:00 +0000</pubDate>
      
      <guid>http://localhost:1313/team/savecontact/</guid>
      <description></description>
    </item>
    
  </channel>
</rss>
