<?xml version="1.0" encoding="utf-8" standalone="yes"?>
<rss version="2.0" xmlns:atom="http://www.w3.org/2005/Atom">
  <channel>
    <title>Green Power Project</title>
    <link>https://greenpwr.eu/ge/</link>
    <description>Recent content on Green Power Project</description>
    <generator>Hugo -- gohugo.io</generator>
    <language>ge-ge</language><atom:link href="https://greenpwr.eu/ge/index.xml" rel="self" type="application/rss+xml" />
    <item>
      <title>News 1</title>
      <link>https://greenpwr.eu/ge/news/news_info/</link>
      <pubDate>Mon, 01 Jan 0001 00:00:00 +0000</pubDate>
      
      <guid>https://greenpwr.eu/ge/news/news_info/</guid>
      <description></description>
    </item>
    
  </channel>
</rss>
