<?xml version="1.0" encoding="utf-8" standalone="yes"?>
<rss version="2.0" xmlns:atom="http://www.w3.org/2005/Atom">
  <channel>
    <title>News on Green Power Project</title>
    <link>https://test.greenpwr.eu/du/news/</link>
    <description>Recent content in News on Green Power Project</description>
    <generator>Hugo -- gohugo.io</generator>
    <language>du-du</language><atom:link href="https://test.greenpwr.eu/du/news/index.xml" rel="self" type="application/rss+xml" />
    <item>
      <title>News 1</title>
      <link>https://test.greenpwr.eu/du/news/news1/</link>
      <pubDate>Mon, 01 Jan 0001 00:00:00 +0000</pubDate>
      
      <guid>https://test.greenpwr.eu/du/news/news1/</guid>
      <description></description>
    </item>
    
  </channel>
</rss>
