<?xml version="1.0" encoding="utf-8" standalone="yes"?>
<rss version="2.0" xmlns:atom="http://www.w3.org/2005/Atom">
  <channel>
    <title>Categories on Green Power Project</title>
    <link>http://localhost:1313/ge/categories/</link>
    <description>Recent content in Categories on Green Power Project</description>
    <generator>Hugo -- gohugo.io</generator>
    <language>ge-ge</language><atom:link href="http://localhost:1313/ge/categories/index.xml" rel="self" type="application/rss+xml" />
  </channel>
</rss>
