<?xml version="1.0" encoding="utf-8" standalone="yes"?>
<rss version="2.0" xmlns:atom="http://www.w3.org/2005/Atom">
  <channel>
    <title>Green Power Project</title>
    <link>http://localhost:1313/ge/</link>
    <description>Recent content on Green Power Project</description>
    <generator>Hugo -- gohugo.io</generator>
    <language>ge-ge</language>
    <lastBuildDate>Thu, 17 Oct 2019 11:22:16 +0600</lastBuildDate><atom:link href="http://localhost:1313/ge/index.xml" rel="self" type="application/rss+xml" />
    <item>
      <title>Apple Watch</title>
      <link>http://localhost:1313/ge/products/product-1/</link>
      <pubDate>Thu, 17 Oct 2019 11:22:16 +0600</pubDate>
      
      <guid>http://localhost:1313/ge/products/product-1/</guid>
      <description>Apple Watch is a line of smartwatches produced by Apple Inc. It incorporates fitness tracking and health-oriented capabilities with integration with iOS and other Apple products and services.</description>
    </item>
    
    <item>
      <title>Best Watch Strap In Your Budget</title>
      <link>http://localhost:1313/ge/blog/post-3/</link>
      <pubDate>Thu, 17 Oct 2019 11:22:16 +0600</pubDate>
      
      <guid>http://localhost:1313/ge/blog/post-3/</guid>
      <description>Lorem ipsum dolor sit amet, consectetur adipiscing elit, sed do eiusmod tempor incididunt ut labore et dolore magna aliqua.
Lorem ipsum dolor sit amet, consectetur adipiscing elit, sed do eiusmod tempor incididunt ut labore et dolore magna aliqua.</description>
    </item>
    
    <item>
      <title>Galaxy Watch</title>
      <link>http://localhost:1313/ge/products/product-2/</link>
      <pubDate>Thu, 17 Oct 2019 11:22:16 +0600</pubDate>
      
      <guid>http://localhost:1313/ge/products/product-2/</guid>
      <description>Apple Watch is a line of smartwatches produced by Apple Inc. It incorporates fitness tracking and health-oriented capabilities with integration with iOS and other Apple products and services.</description>
    </item>
    
    <item>
      <title>How to choose right watch for you.</title>
      <link>http://localhost:1313/ge/blog/post-1/</link>
      <pubDate>Thu, 17 Oct 2019 11:22:16 +0600</pubDate>
      
      <guid>http://localhost:1313/ge/blog/post-1/</guid>
      <description>Lorem ipsum dolor sit amet, consectetur adipiscing elit, sed do eiusmod tempor incididunt ut labore et dolore magna aliqua.
Lorem ipsum dolor sit amet, consectetur adipiscing elit, sed do eiusmod tempor incididunt ut labore et dolore magna aliqua.</description>
    </item>
    
    <item>
      <title>Motorola Watch</title>
      <link>http://localhost:1313/ge/products/product-4/</link>
      <pubDate>Thu, 17 Oct 2019 11:22:16 +0600</pubDate>
      
      <guid>http://localhost:1313/ge/products/product-4/</guid>
      <description>Apple Watch is a line of smartwatches produced by Apple Inc. It incorporates fitness tracking and health-oriented capabilities with integration with iOS and other Apple products and services.</description>
    </item>
    
    <item>
      <title>OnePlus Watch</title>
      <link>http://localhost:1313/ge/products/product-7/</link>
      <pubDate>Thu, 17 Oct 2019 11:22:16 +0600</pubDate>
      
      <guid>http://localhost:1313/ge/products/product-7/</guid>
      <description>Apple Watch is a line of smartwatches produced by Apple Inc. It incorporates fitness tracking and health-oriented capabilities with integration with iOS and other Apple products and services.</description>
    </item>
    
    <item>
      <title>Oppo Watch</title>
      <link>http://localhost:1313/ge/products/product-8/</link>
      <pubDate>Thu, 17 Oct 2019 11:22:16 +0600</pubDate>
      
      <guid>http://localhost:1313/ge/products/product-8/</guid>
      <description>Apple Watch is a line of smartwatches produced by Apple Inc. It incorporates fitness tracking and health-oriented capabilities with integration with iOS and other Apple products and services.</description>
    </item>
    
    <item>
      <title>Realme Watch</title>
      <link>http://localhost:1313/ge/products/product-6/</link>
      <pubDate>Thu, 17 Oct 2019 11:22:16 +0600</pubDate>
      
      <guid>http://localhost:1313/ge/products/product-6/</guid>
      <description>Apple Watch is a line of smartwatches produced by Apple Inc. It incorporates fitness tracking and health-oriented capabilities with integration with iOS and other Apple products and services.</description>
    </item>
    
    <item>
      <title>Redmi Watch</title>
      <link>http://localhost:1313/ge/products/product-5/</link>
      <pubDate>Thu, 17 Oct 2019 11:22:16 +0600</pubDate>
      
      <guid>http://localhost:1313/ge/products/product-5/</guid>
      <description>Apple Watch is a line of smartwatches produced by Apple Inc. It incorporates fitness tracking and health-oriented capabilities with integration with iOS and other Apple products and services.</description>
    </item>
    
    <item>
      <title>Watch That Matters</title>
      <link>http://localhost:1313/ge/blog/post-4/</link>
      <pubDate>Thu, 17 Oct 2019 11:22:16 +0600</pubDate>
      
      <guid>http://localhost:1313/ge/blog/post-4/</guid>
      <description>Lorem ipsum dolor sit amet, consectetur adipiscing elit, sed do eiusmod tempor incididunt ut labore et dolore magna aliqua.
Lorem ipsum dolor sit amet, consectetur adipiscing elit, sed do eiusmod tempor incididunt ut labore et dolore magna aliqua.</description>
    </item>
    
    <item>
      <title>Why You Should Buy a Smart Watch.</title>
      <link>http://localhost:1313/ge/blog/post-2/</link>
      <pubDate>Thu, 17 Oct 2019 11:22:16 +0600</pubDate>
      
      <guid>http://localhost:1313/ge/blog/post-2/</guid>
      <description>Lorem ipsum dolor sit amet, consectetur adipiscing elit, sed do eiusmod tempor incididunt ut labore et dolore magna aliqua.
Lorem ipsum dolor sit amet, consectetur adipiscing elit, sed do eiusmod tempor incididunt ut labore et dolore magna aliqua.</description>
    </item>
    
    <item>
      <title>Xiaomi Watch</title>
      <link>http://localhost:1313/ge/products/product-3/</link>
      <pubDate>Thu, 17 Oct 2019 11:22:16 +0600</pubDate>
      
      <guid>http://localhost:1313/ge/products/product-3/</guid>
      <description>Apple Watch is a line of smartwatches produced by Apple Inc. It incorporates fitness tracking and health-oriented capabilities with integration with iOS and other Apple products and services.</description>
    </item>
    
    <item>
      <title>News 1</title>
      <link>http://localhost:1313/ge/news/news1/</link>
      <pubDate>Mon, 01 Jan 0001 00:00:00 +0000</pubDate>
      
      <guid>http://localhost:1313/ge/news/news1/</guid>
      <description></description>
    </item>
    
    <item>
      <title>Save Contact</title>
      <link>http://localhost:1313/ge/team/savecontact/</link>
      <pubDate>Mon, 01 Jan 0001 00:00:00 +0000</pubDate>
      
      <guid>http://localhost:1313/ge/team/savecontact/</guid>
      <description></description>
    </item>
    
  </channel>
</rss>
