<?xml version="1.0" encoding="utf-8" standalone="yes"?>
<rss version="2.0" xmlns:atom="http://www.w3.org/2005/Atom">
  <channel>
    <title>Meet the Team on Green Power Project</title>
    <link>https://greenpwr.eu/team/</link>
    <description>Recent content in Meet the Team on Green Power Project</description>
    <generator>Hugo -- gohugo.io</generator>
    <language>en-us</language><atom:link href="https://greenpwr.eu/team/index.xml" rel="self" type="application/rss+xml" />
  </channel>
</rss>
