<?xml version="1.0" encoding="utf-8" standalone="yes"?>
<rss version="2.0" xmlns:atom="http://www.w3.org/2005/Atom">
  <channel>
    <title>Green Power Project</title>
    <link>https://greenpwr.eu/fr/</link>
    <description>Recent content on Green Power Project</description>
    <generator>Hugo -- gohugo.io</generator>
    <language>fr-fr</language>
    <lastBuildDate>Thu, 17 Oct 2019 11:22:16 +0600</lastBuildDate><atom:link href="https://greenpwr.eu/fr/index.xml" rel="self" type="application/rss+xml" />
    <item>
      <title>Apple Watch</title>
      <link>https://greenpwr.eu/fr/products/product-1/</link>
      <pubDate>Thu, 17 Oct 2019 11:22:16 +0600</pubDate>
      
      <guid>https://greenpwr.eu/fr/products/product-1/</guid>
      <description>Apple Watch is a line of smartwatches produced by Apple Inc. It incorporates fitness tracking and health-oriented capabilities with integration with iOS and other Apple products and services.</description>
    </item>
    
    <item>
      <title>Comment choisir la bonne montre pour vous.</title>
      <link>https://greenpwr.eu/fr/blog/post-1/</link>
      <pubDate>Thu, 17 Oct 2019 11:22:16 +0600</pubDate>
      
      <guid>https://greenpwr.eu/fr/blog/post-1/</guid>
      <description>Lorem ipsum dolor sit amet, consectetur adipiscing elit, sed do eiusmod tempor incididunt ut labore et dolore magna aliqua.
Lorem ipsum dolor sit amet, consectetur adipiscing elit, sed do eiusmod tempor incididunt ut labore et dolore magna aliqua.</description>
    </item>
    
    <item>
      <title>Galaxy Watch</title>
      <link>https://greenpwr.eu/fr/products/product-2/</link>
      <pubDate>Thu, 17 Oct 2019 11:22:16 +0600</pubDate>
      
      <guid>https://greenpwr.eu/fr/products/product-2/</guid>
      <description>Apple Watch is a line of smartwatches produced by Apple Inc. It incorporates fitness tracking and health-oriented capabilities with integration with iOS and other Apple products and services.</description>
    </item>
    
    <item>
      <title>Meilleur bracelet de montre dans votre budget</title>
      <link>https://greenpwr.eu/fr/blog/post-3/</link>
      <pubDate>Thu, 17 Oct 2019 11:22:16 +0600</pubDate>
      
      <guid>https://greenpwr.eu/fr/blog/post-3/</guid>
      <description>Lorem ipsum dolor sit amet, consectetur adipiscing elit, sed do eiusmod tempor incididunt ut labore et dolore magna aliqua.
Lorem ipsum dolor sit amet, consectetur adipiscing elit, sed do eiusmod tempor incididunt ut labore et dolore magna aliqua.</description>
    </item>
    
    <item>
      <title>Motorola Watch</title>
      <link>https://greenpwr.eu/fr/products/product-4/</link>
      <pubDate>Thu, 17 Oct 2019 11:22:16 +0600</pubDate>
      
      <guid>https://greenpwr.eu/fr/products/product-4/</guid>
      <description>Apple Watch is a line of smartwatches produced by Apple Inc. It incorporates fitness tracking and health-oriented capabilities with integration with iOS and other Apple products and services.</description>
    </item>
    
    <item>
      <title>OnePlus Watch</title>
      <link>https://greenpwr.eu/fr/products/product-7/</link>
      <pubDate>Thu, 17 Oct 2019 11:22:16 +0600</pubDate>
      
      <guid>https://greenpwr.eu/fr/products/product-7/</guid>
      <description>Apple Watch is a line of smartwatches produced by Apple Inc. It incorporates fitness tracking and health-oriented capabilities with integration with iOS and other Apple products and services.</description>
    </item>
    
    <item>
      <title>Oppo Watch</title>
      <link>https://greenpwr.eu/fr/products/product-8/</link>
      <pubDate>Thu, 17 Oct 2019 11:22:16 +0600</pubDate>
      
      <guid>https://greenpwr.eu/fr/products/product-8/</guid>
      <description>Apple Watch is a line of smartwatches produced by Apple Inc. It incorporates fitness tracking and health-oriented capabilities with integration with iOS and other Apple products and services.</description>
    </item>
    
    <item>
      <title>Pourquoi acheter une montre intelligente.</title>
      <link>https://greenpwr.eu/fr/blog/post-2/</link>
      <pubDate>Thu, 17 Oct 2019 11:22:16 +0600</pubDate>
      
      <guid>https://greenpwr.eu/fr/blog/post-2/</guid>
      <description>Lorem ipsum dolor sit amet, consectetur adipiscing elit, sed do eiusmod tempor incididunt ut labore et dolore magna aliqua.
Lorem ipsum dolor sit amet, consectetur adipiscing elit, sed do eiusmod tempor incididunt ut labore et dolore magna aliqua.</description>
    </item>
    
    <item>
      <title>Realme Watch</title>
      <link>https://greenpwr.eu/fr/products/product-6/</link>
      <pubDate>Thu, 17 Oct 2019 11:22:16 +0600</pubDate>
      
      <guid>https://greenpwr.eu/fr/products/product-6/</guid>
      <description>Apple Watch is a line of smartwatches produced by Apple Inc. It incorporates fitness tracking and health-oriented capabilities with integration with iOS and other Apple products and services.</description>
    </item>
    
    <item>
      <title>Redmi Watch</title>
      <link>https://greenpwr.eu/fr/products/product-5/</link>
      <pubDate>Thu, 17 Oct 2019 11:22:16 +0600</pubDate>
      
      <guid>https://greenpwr.eu/fr/products/product-5/</guid>
      <description>Apple Watch is a line of smartwatches produced by Apple Inc. It incorporates fitness tracking and health-oriented capabilities with integration with iOS and other Apple products and services.</description>
    </item>
    
    <item>
      <title>Regardez ça compte</title>
      <link>https://greenpwr.eu/fr/blog/post-4/</link>
      <pubDate>Thu, 17 Oct 2019 11:22:16 +0600</pubDate>
      
      <guid>https://greenpwr.eu/fr/blog/post-4/</guid>
      <description>Lorem ipsum dolor sit amet, consectetur adipiscing elit, sed do eiusmod tempor incididunt ut labore et dolore magna aliqua.
Lorem ipsum dolor sit amet, consectetur adipiscing elit, sed do eiusmod tempor incididunt ut labore et dolore magna aliqua.</description>
    </item>
    
    <item>
      <title>Xiaomi Watch</title>
      <link>https://greenpwr.eu/fr/products/product-3/</link>
      <pubDate>Thu, 17 Oct 2019 11:22:16 +0600</pubDate>
      
      <guid>https://greenpwr.eu/fr/products/product-3/</guid>
      <description>Apple Watch is a line of smartwatches produced by Apple Inc. It incorporates fitness tracking and health-oriented capabilities with integration with iOS and other Apple products and services.</description>
    </item>
    
    <item>
      <title>News 1</title>
      <link>https://greenpwr.eu/fr/news/news1/</link>
      <pubDate>Mon, 01 Jan 0001 00:00:00 +0000</pubDate>
      
      <guid>https://greenpwr.eu/fr/news/news1/</guid>
      <description></description>
    </item>
    
    <item>
      <title>Save Contact</title>
      <link>https://greenpwr.eu/fr/team/savecontact/</link>
      <pubDate>Mon, 01 Jan 0001 00:00:00 +0000</pubDate>
      
      <guid>https://greenpwr.eu/fr/team/savecontact/</guid>
      <description></description>
    </item>
    
  </channel>
</rss>
