<?xml version="1.0" encoding="utf-8" standalone="yes"?>
<rss version="2.0" xmlns:atom="http://www.w3.org/2005/Atom">
  <channel>
    <title>Commercial on Green Power Project</title>
    <link>https://test.greenpwr.eu/ge/commercial/</link>
    <description>Recent content in Commercial on Green Power Project</description>
    <generator>Hugo -- gohugo.io</generator>
    <language>ge-ge</language><atom:link href="https://test.greenpwr.eu/ge/commercial/index.xml" rel="self" type="application/rss+xml" />
  </channel>
</rss>
