<?xml version="1.0" encoding="utf-8" standalone="yes"?>
<rss version="2.0" xmlns:atom="http://www.w3.org/2005/Atom">
  <channel>
    <title>Categories on Green Power Project</title>
    <link>https://greenpwr.eu/categories/</link>
    <description>Recent content in Categories on Green Power Project</description>
    <generator>Hugo -- gohugo.io</generator>
    <language>en-us</language><atom:link href="https://greenpwr.eu/categories/index.xml" rel="self" type="application/rss+xml" />
  </channel>
</rss>
