<?xml version="1.0" encoding="utf-8" standalone="yes"?>
<rss version="2.0" xmlns:atom="http://www.w3.org/2005/Atom">
  <channel>
    <title>Our Latest Post on Green Power Project</title>
    <link>https://greenpwr.eu/fr/blog/</link>
    <description>Recent content in Our Latest Post on Green Power Project</description>
    <generator>Hugo -- gohugo.io</generator>
    <language>fr-fr</language>
    <lastBuildDate>Thu, 17 Oct 2019 11:22:16 +0600</lastBuildDate><atom:link href="https://greenpwr.eu/fr/blog/index.xml" rel="self" type="application/rss+xml" />
    <item>
      <title>Comment choisir la bonne montre pour vous.</title>
      <link>https://greenpwr.eu/fr/blog/post-1/</link>
      <pubDate>Thu, 17 Oct 2019 11:22:16 +0600</pubDate>
      
      <guid>https://greenpwr.eu/fr/blog/post-1/</guid>
      <description>Lorem ipsum dolor sit amet, consectetur adipiscing elit, sed do eiusmod tempor incididunt ut labore et dolore magna aliqua.
Lorem ipsum dolor sit amet, consectetur adipiscing elit, sed do eiusmod tempor incididunt ut labore et dolore magna aliqua.</description>
    </item>
    
    <item>
      <title>Meilleur bracelet de montre dans votre budget</title>
      <link>https://greenpwr.eu/fr/blog/post-3/</link>
      <pubDate>Thu, 17 Oct 2019 11:22:16 +0600</pubDate>
      
      <guid>https://greenpwr.eu/fr/blog/post-3/</guid>
      <description>Lorem ipsum dolor sit amet, consectetur adipiscing elit, sed do eiusmod tempor incididunt ut labore et dolore magna aliqua.
Lorem ipsum dolor sit amet, consectetur adipiscing elit, sed do eiusmod tempor incididunt ut labore et dolore magna aliqua.</description>
    </item>
    
    <item>
      <title>Pourquoi acheter une montre intelligente.</title>
      <link>https://greenpwr.eu/fr/blog/post-2/</link>
      <pubDate>Thu, 17 Oct 2019 11:22:16 +0600</pubDate>
      
      <guid>https://greenpwr.eu/fr/blog/post-2/</guid>
      <description>Lorem ipsum dolor sit amet, consectetur adipiscing elit, sed do eiusmod tempor incididunt ut labore et dolore magna aliqua.
Lorem ipsum dolor sit amet, consectetur adipiscing elit, sed do eiusmod tempor incididunt ut labore et dolore magna aliqua.</description>
    </item>
    
    <item>
      <title>Regardez ça compte</title>
      <link>https://greenpwr.eu/fr/blog/post-4/</link>
      <pubDate>Thu, 17 Oct 2019 11:22:16 +0600</pubDate>
      
      <guid>https://greenpwr.eu/fr/blog/post-4/</guid>
      <description>Lorem ipsum dolor sit amet, consectetur adipiscing elit, sed do eiusmod tempor incididunt ut labore et dolore magna aliqua.
Lorem ipsum dolor sit amet, consectetur adipiscing elit, sed do eiusmod tempor incididunt ut labore et dolore magna aliqua.</description>
    </item>
    
  </channel>
</rss>
